Filename	Robin	Spencer
855e0971.png	1	1
995c5fa3.png	1	1
868de0fa.png	1	1
8731374e.png	1	1
8a004b2b.png	1	1
8be77c9e.png	1	1
8d5021e8.png	1	1
8d510a79.png	1	1
8e1813be.png	1	1
8e5a5113.png	1	1
99b1bc43.png	1	1
8efcae92.png	1	1
913fb3ed.png	1	1
91714a58.png	1	1
9172f3a0.png	1	1
941d9a10.png	1	1
952a094c.png	1	1
9565186b.png	1	1
95990924.png	1	1
963e52fc.png	0	0
97999447.png	0	0
98cf29f8.png	1	1
99fa7670.png	1	1
a2fd1cf0.png	1	1
a48eeaf7.png	1	1
a61f2674.png	1	1
a8d7556c.png	1	1
aabf363d.png	1	1
a9f96cdd.png	1	1
a3325580.png	1	1
ac0a08a4.png	1	1
ae4f1146.png	1	1
aedd82e4.png	1	1
af902bf9.png	1	1
b6afb2da.png	1	1
b8cdaf2b.png	1	1
b9b7f026.png	1	1
ba97ae07.png	1	1
bb43febb.png	1	1
bbc9ae5d.png	1	1
bda2d7a6.png	1	1
bdad9b1f.png	1	1
be94b721.png	1	1
b7249182.png	1	1
ba26e723.png	1	1
b782dc8a.png	1	1
b1948b0a.png	1	1
b230c067.png	1	1
b2862040.png	1	1
b94a9452.png	1	1